<?xml version="1.0" encoding="UTF-8" standalone="yes"?>
<addon id="plugin.video.LinkTVWizard" name="Link TV Wizard" version="1.0.0" provider-name="LinkTV">
  <requires>
    <import addon="xbmc.python" version="2.1.0"/>
  </requires>
  <extension point="xbmc.python.pluginsource" library="default.py">
        <provides>video executable</provides>
  </extension>
  <extension point="xbmc.addon.metadata">
    <summary lang="en">Link TV Wizard</summary>
    <description lang="en">Primera Version del Build para Kodi, la cual incluye los mejores addons y porsupuesto la mejor Programación, José Carlos Mendoza / Link the Hylian 13 de Marzo 2016.   Gracias por tu Preferencia!</description>
	<website>http://ignoreme.com</website>
    <platform>all</platform>
  </extension>
</addon>
