<?xml version="1.0" encoding="UTF-8" standalone="yes"?>

<addon id="plugin.video.LinkTV"
        name="[COLOR green]Link[COLOR white]TV[/COLOR]"
        version="1.2.0"
        provider-name="LinkTV">

  <requires>
    <import addon="xbmc.python" version="2.1.0"/>
    <import addon="script.module.urlresolver" version="3.0.21" optional="true"/>
    <import addon="script.module.beautifulsoup" version="3.2.1"/>
    <import addon="script.module.simple.downloader" version="0.9.4"/>
    <import addon="script.module.beautifulsoup4" />
    <import addon="script.module.requests" />
    <import addon="script.module.httplib2" />
    <import addon="script.module.liveresolver" version="0.1.24" optional="true"/>
    <import addon="script.module.youtube.dl" optional="true"/>
    <import addon="plugin.video.youtube" />
    <import addon="script.module.simplejson" /> 
    <import addon="script.module.livestreamer" optional="true"/>
    <import addon="script.module.pyamf" optional="true"/>
  </requires>

  <extension point="xbmc.python.pluginsource" library="default.py">
    <provides>video</provides>
  </extension>
  
  <extension point="xbmc.addon.metadata">
    <summary>LinkTV based on LivetreamsPro by Shani "All rights to this author"</summary>
    
    <description lang="es">[COLOR green][B]Link[COLOR white]TV[/B][/COLOR] - Es un addon de [COLOR blue][B]KODI[/B][/COLOR] Diseñado para Reproducir Peliculas, Series y Contenido Multimedia Existente en la Red, Gracias por su preferencia (Agradecimiento Especial a: [COLOR skyblue][B]Alejandra Pelayo[/B][/COLOR] por el Apoyo y Pasciencia a Este Proyecto que ha Requerido mucho Tiempo) [COLOR green][B]Link[COLOR white]TV[/B][/COLOR] based on LivetreamsPro by Shani</description>

    <description lang="en">[COLOR green][B]Link[COLOR white]TV[/B][/COLOR] - this is an add-on for [COLOR blue][B]KODI[/B][/COLOR] Designed to Play IP Television Channels, Movies, TV Shows Existing and Multimedia Content on the Web, Thanks for your preference (Special thanks to: [COLOR skyblue][B]Alejandra Pelayo[/B][/COLOR] for all Support by this project has taken a long time) [COLOR green][B]Link[COLOR white]TV[/B][/COLOR] based on LivetreamsPro by Shani</description>

    <disclaimer lang="en">Using this add-on is free and at your own risk if the law prohibits the use </disclaimer>
    
    <disclaimer lang="es">El uso de este Add-on es gratuito y bajo tu responsabilidad si las leyes de tu país restringuen su uso</disclaimer>
    
    <platform>all</platform>
  </extension>

</addon>