<?xml version="1.0" encoding="UTF-8" standalone="yes"?>
<addon id="plugin.video.ALOFLIX"
       name="ALOFLIX"
       version="1.1.0"
       provider-name="JALEMAN">
  <requires>
    <import addon="xbmc.python" version="2.1.0"/>
    <import addon="script.module.beautifulsoup" version="3.2.1"/>
    <import addon="script.module.simple.downloader" version="0.9.4"/>
    <import addon="script.module.beautifulsoup4" />
    <import addon="script.module.simple.downloader" version="0.9.4"/>
    <import addon="script.module.requests" />
    <import addon="script.module.httplib2" />
    <import addon="script.module.youtube.dl" optional="true"/>
    <import addon="plugin.video.youtube" />
    <import addon="script.module.urlresolver" optional="true"/>
    <import addon="script.module.simplejson" />    
  </requires>
  <extension point="xbmc.python.pluginsource" library="default.py">
    <provides>video</provides>
  </extension>
  <extension point="xbmc.addon.metadata">
    <summary>Peliculas en SD y HD en audio latino e ingles</summary>
    <description>Este es un add-on con las mejores peliculas para disfrutar en familia. Agradesco a Josue Aleman y Adrian Hernandez por apoyarme en este proyecto.</description>
    <platform>all</platform>
  </extension>
</addon>
