<?xml version="1.0" encoding="UTF-8" standalone="yes"?>

<addon id="plugin.video.CRI"
        name="[COLOR green]Link[COLOR white]TV[/COLOR]"
        version="1.1.8"
        provider-name="CRI">

  <requires>
    <import addon="xbmc.python" version="2.1.0"/>
    <import addon="script.module.urlresolver" version="3.0.21" optional="true"/>
    <import addon="script.module.beautifulsoup" version="3.2.1"/>
    <import addon="script.module.simple.downloader" version="0.9.4"/>
    <import addon="script.module.beautifulsoup4" />
    <import addon="script.module.requests" />
    <import addon="script.module.httplib2" />
    <import addon="script.module.liveresolver" version="0.1.24" optional="true"/>
    <import addon="script.module.youtube.dl" optional="true"/>
    <import addon="plugin.video.youtube" />
    <import addon="script.module.simplejson" /> 
    <import addon="script.module.livestreamer" optional="true"/>
    <import addon="script.module.pyamf" optional="true"/>
  </requires>

  <extension point="xbmc.python.pluginsource" library="default.py">
    <provides>video</provides>
  </extension>
  
  <extension point="xbmc.addon.metadata">
    <summary>CRI based on LivetreamsPro by Shani "All rights to this author"</summary>
    
    <description lang="es">[COLOR white][B]CRI[/B][/COLOR] - Es un addon para [COLOR blue][B]KODI[/B][/COLOR] Diseñado para Reproducir Contenido Multimedia Existente en la Red, para usos de preparacion personal de la Empresa Corporacion Refaccionaria Industrial S.A. de C.V. (USO PRIVADO) (Agradecimiento Especial a: [COLOR skyblue][B]Ing. Manuel Gutierrez[/B][/COLOR] por el Apoyo a Este Proyecto que ha Requerido mucho Tiempo) [COLOR white][B]CRI[/B][/COLOR] based on LivetreamsPro by Shani</description>

    <description lang="en">[COLOR white][B]CRI[/B][/COLOR] - this is an add-on for [COLOR blue][B]KODI[/B][/COLOR] Designed to Play Multimedia Content on the Web, used to professional preparatios in Enterprises Corporacion Refaccionaria Industrial S.A. de C.V. (Special thanks to: [COLOR skyblue][B]Ing. Manuel Gutierrez[/B][/COLOR] for all Support by this project has taken a long time) [COLOR white][B]CRI[/B][/COLOR] based on LivetreamsPro by Shani</description>

    <disclaimer lang="en">Using this add-on is free and at your own risk if the law prohibits the use </disclaimer>
    
    <disclaimer lang="es">El uso de este Add-on es gratuito y bajo tu responsabilidad si las leyes de tu país restringuen su uso</disclaimer>
    
    <platform>all</platform>
  </extension>

</addon>